id,label
178, 0.8085789932654455, mediecav, medieple
179, 0.8730780426925475, mediecav, medieple
180, 0.9164934265288976, mediecav, medieple
181, 0.8916134699469521, mediecav, medieple
182, 0.9137741552535877, mediecav, medieple
183, 0.7638182516815701, mediecav, medieple
184, 0.8452150557853587, mediecav, medieple
185, 0.8250156702454557, mediecav, medieple
186, 0.8747331925012447, mediecav, medieple
187, 0.9622556470861339, mediecav, medieple
188, 0.8870206462012397, mediecav, medieple
