id,label
178, 0.10407989535643528
179, 0.04878577239229561
180, 0.12236465670189724
181, 0.23556670461472268
182, 0.20507656358507986
183, 0.14672688968367076
184, 0.1927892467665266
185, 0.12831894749731723
186, 0.04522973608433218
187, 0.05675101100359366
188, 0.18875911988094837
