id,label
178, 0.1429123154401288
179, 0.08929570115921931
180, 0.2678125644526859
181, 0.3231567152376686
182, 0.24460314538838818
183, 0.340270687706056
184, 0.2468586488984117
185, 0.15706250093338445
186, 0.11700407816210322
187, 0.03940827246428899
188, 0.11351785289459965
