id,label
178, 0.0563314880797506
179, 0.045756520310141324
180, 0.36152145567280286
181, 0.3095973641247838
182, 0.20894018288765098
183, 0.20909689313983504
184, 0.16160765522423165
185, 0.06171092202353488
186, 0.05917825363594794
187, 0.026361539786741987
188, 0.042254862527019
