id,label
178, 0.03588994499862021
179, 0.12870928772055584
180, 0.058767301512229905
181, 0.14841353821497383
182, 0.07777554120336565
183, 0.03849333650536621
184, 0.10656834750652276
185, 0.2689074774136405
186, 0.04986795115439477
187, 0.03784316872894311
188, 0.13843684090455607
