id,label
178, 0.7836447280145936
179, 0.861721638120164
180, 0.9206978778659117
181, 0.8942883839232049
182, 0.9287442159514094
183, 0.7024377956088766
184, 0.8449416204980792
185, 0.6900137767541347
186, 0.7443425092777168
187, 0.897575068024147
188, 0.8712011754719747
