id,label
178, 0.7938558057278067
179, 0.700515251401641
180, 0.8346338152590365
181, 0.8507146858831957
182, 0.8020929449865984
183, 0.795743941542614
184, 0.880603259965165
185, 0.7961075591672327
186, 0.819263330867721
187, 0.8005833044798687
188, 0.8459760094682376
